sample,PG,mPG
0,0.1753869173071683,0.1575005610625899
1,0.1777455102436476,0.16574484489403998
2,0.1729330092258965,0.16307544492316675
3,0.1637184178787585,0.16919807147090762
4,0.160084910284473,0.16344309565849763
5,0.1467006109377147,0.1733647072652165
6,0.1477697821641343,0.21381543491422994
7,0.1497603403348276,0.2166270138320114
8,0.1432261095794922,0.1830684106616198
9,0.1384401070809024,0.17960572144797735
10,0.1442330078030645,0.1718548812792319
11,0.1448927074139737,0.1775844711695891
12,0.1446611515590187,0.15450870932213767
13,0.1429662379228678,0.1647449466470991
14,0.1477549100129712,0.1603697892776885
15,0.141922682214434,0.16843616841915487
16,0.134672011502525,0.1993320064467048
17,0.1355473909240174,0.19166773638400345
18,0.1311778427241772,0.19646094680009116
19,0.1352073513768168,0.1892566682082958
20,0.1384266518374428,0.1910579369677423
21,0.1400439212483901,0.17672545841074452
22,0.145323344860048,0.18568258225025255
23,0.1366613455650933,0.15950279337611586
24,0.1386474776039639,0.1680542815318973
25,0.1435312722455163,0.1700643583914902
26,0.1453345142274016,0.16689968502162
27,0.1436158339455807,0.16231497740743936
28,0.1444012605857662,0.16123064979727683
29,0.1406763700540364,0.14605088393927004
30,0.1473457035803158,0.1470917290872354
31,0.1392176341552401,0.14982156328501697
32,0.1466156255360531,0.15448085767564781
33,0.1338580507093595,0.1441784839114403
34,0.1327684457502394,0.1423266471636253
35,0.1300352210304654,0.14233481601377784
36,0.1308461914952732,0.1449600404925502
37,0.1454126564176305,0.14518744638034362
38,0.1463963215889426,0.13896526079401506
39,0.1382653579628021,0.15445729344564094
40,0.1370092373278618,0.19271093553038485
41,0.130804411915799,0.20486551550866397
42,0.1390913609320217,0.20041758020684824
43,0.1442609147224837,0.18153888588937533
44,0.1491197149487629,0.16213629815961922
45,0.1430655361600715,0.17170167482884405
46,0.1468091473033897,0.16686739172736523
47,0.1405485182943524,0.16967937651483736
48,0.1482303538219375,0.17556766998428508
49,0.1504402481577959,0.1747753758907998
50,0.1616041989320541,0.16737004944415373
51,0.1695021536344728,0.1720459515738898
52,0.1745899574217468,0.17185965803619108
53,0.1823694484463406,0.15412365138199882
54,0.1940555444554045,0.15395763102021973
55,0.2012040150163113,0.1660132745737858
56,0.1890339518737249,0.15354351074980077
57,0.1941589362646006,0.14153597537360682
58,0.1837750729628742,0.16319985042270155
59,0.1856819145864844,0.15629074138022334
60,0.1782637583313444,0.15907492654946115
61,0.176387748187427,0.15647094169126036
62,0.1738865832384662,0.1573610614439433
63,0.170549440704685,0.1783939413714708
64,0.1712847702001136,0.15051865863016878
65,0.1789672178594853,0.14798908495698912
66,0.1904427612363843,0.1566666695934409
67,0.195022628593299,0.17193130329994644
68,0.1877864277087645,0.15809795356681144
69,0.2110860823655751,0.13398956086079578
70,0.2156818437141318,0.12936883711656075
71,0.2084665680548278,0.13536230398822705
72,0.1987241612721592,0.13806008797136124
73,0.1881068946009582,0.1366771872017258
74,0.1819247374263515,0.13206954108537072
75,0.1883829604146982,0.1403419393363127
76,0.1891256795354063,0.13301359303251792
77,0.1957192983048459,0.12959971728129574
78,0.2169640975506586,0.13667863550417184
79,0.2021401774217635,0.1503472363117972
80,0.2016676514853765,0.14580571011301408
81,0.1874869590924257,0.14679197061508567
82,0.1932262017637501,0.15087593724838755
83,0.1866507237588208,0.1803624865104433
84,0.1883049869734392,0.16801694599376407
85,0.1831281834381087,0.16413947825118685
86,0.1903607749066634,0.184244743799896
87,0.1945000647284614,0.16001819925811336
88,0.1973891277754097,0.16980165457896826
89,0.1944448833914498,0.1603592836142884
90,0.1936866338485349,0.1544275293810133
91,0.197871930776858,0.15031316714197412
92,0.1927747731288245,0.16287706488388756
93,0.1991699670667406,0.18517505396839667
94,0.2062338247199959,0.17046748586872693
95,0.2035640177025956,0.15869043420507856
96,0.2034705808557046,0.1752828572973226
97,0.1886569849208448,0.18786704344413946
98,0.1934126678477713,0.17746437661984013
99,0.1862046583737473,0.18407250874027625
100,0.1858117585473328,0.17323264336197042
101,0.1831088768875894,0.1857108450591011
102,0.1775841726493644,0.17751798041195224
103,0.1780255818295843,0.1667668563493819
104,0.1764844769066494,0.15594148180048395
105,0.1818629042102925,0.1880277032205176
106,0.1686296491463646,0.19154606172586733
107,0.1731144512406793,0.19675949675072027
108,0.1667478233617377,0.19907673419961083
109,0.1684628457435726,0.1865174824023367
110,0.162707099692964,0.18553450746683664
111,0.1576725427208162,0.19591863304216972
112,0.1654771615982199,0.17889856866408693
113,0.1625677208335668,0.17218098693515158
114,0.1687519326327948,0.16362225919620377
115,0.171038993919466,0.1721480075872825
116,0.1778485062998237,0.17354547085724611
117,0.1714626960506501,0.16472795367658286
118,0.1736071886094012,0.15315713698920264
119,0.1791581103865583,0.18077547512744527
120,0.1720415194441651,0.1840553656576718
121,0.1765832573888469,0.19764205363890314
122,0.1944186691076897,0.14081103751045146
123,0.1863047892716821,0.14988205872992771
124,0.1980809403546019,0.15438680348596806
125,0.1885655346667394,0.20810176810790043
126,0.1861233309096387,0.20002415597815446
127,0.1793222031440152,0.204381211103456
128,0.1921402974210412,0.199174444864633
129,0.182894612656769,0.19342821758245599
130,0.1862208724606381,0.13977488342911926
131,0.1724171007522132,0.14786503901427503
132,0.1813552722327923,0.13883011069809562
133,0.1759358281555578,0.13821189515935006
134,0.1805629110250785,0.14339794599713362
135,0.1804686501548193,0.14539275578930422
136,0.1805045848022787,0.14272729583420576
137,0.1795220239809473,0.13908898597461908
138,0.1846997350448875,0.1424292809514134
139,0.1908886216096721,0.14304159984172996
140,0.1921860658321525,0.16122950763210359
141,0.1846721025657344,0.1604234443028351
142,0.1807541611344142,0.1555766356374389
143,0.1952414649187299,0.15626541201938735
144,0.1945187721184364,0.15462634201262052
145,0.1915034671555776,0.15921295240085498
146,0.1892114759703578,0.16194005030527822
147,0.1834740541056366,0.1671634329150004
148,0.1818841080529041,0.15874298237466275
149,0.1715841246092364,0.15837381074444645
150,0.174854041432301,0.14890294545500102
151,0.1783011505531382,0.14670364411586656
152,0.174326578020111,0.14933292343290544
153,0.182101066153193,0.18760633234822535
154,0.1816426086058574,0.1481086326150598
155,0.1955972935937299,0.14728993583737038
156,0.1846854122712553,0.13901931593587016
157,0.1891592028044943,0.14475293352106966
158,0.1677965881581201,0.1421081756566177
159,0.1727814827198849,0.14495159704522845
160,0.1696379002672456,0.15254115574616914
161,0.1742436952971989,0.14855186724727373
162,0.1707038464080087,0.1479032514380507
163,0.1657929157879138,0.1502824832111691
164,0.1656102170472664,0.16395028818846227
165,0.1662831377938856,0.16167314811473749
166,0.1674929802018084,0.1626141174806234
167,0.1623937902897662,0.1829508881887718
168,0.1642429668788787,0.18858483265184176
169,0.1760546130260415,0.17230560125307054
170,0.1879651546208056,0.17696424009440503
171,0.1844227154898863,0.1667262531406621
172,0.2042182882112682,0.1262462368111763
173,0.1946707693952009,0.13451814876239998
174,0.2044097161218701,0.13502841447493133
175,0.2078131759650094,0.13316830396632776
176,0.2120866920918531,0.13038361785924335
177,0.2130438023184,0.14138224598977517
178,0.2104049526874278,0.15636135634394677
179,0.2118895901816462,0.1598597072598535
180,0.2067150663864913,0.16166792739815128
181,0.1985408247539184,0.16527233602194696
182,0.1935092873036943,0.1588277484686777
183,0.2039908743565305,0.16464090782441423
184,0.2124034160868543,0.16176277180124593
185,0.2004486025725102,0.1647083386802361
186,0.1944200504290576,0.16354769092456375
187,0.1859390805450281,0.16363948858771266
188,0.1822235974283854,0.13783293037411282
189,0.1855539660205983,0.1369734316167104
190,0.1960610734064038,0.13953919144058735
191,0.1879500183209108,0.1356133588578832
192,0.2032315674488791,0.1354851925327133
193,0.2220158263537475,0.1359683970459478
194,0.219470028221604,0.19694387071769834
195,0.199607462294233,0.14430216716990177
196,0.2011889740885477,0.13834388850865978
197,0.1898673881949348,0.142112197882504
198,0.195122453759136,0.20174346840051022
199,0.2001347308637269,0.19427966818722325
200,0.2002388181961753,0.19715922960441212
201,0.2056444567659584,0.20574967883378723
202,0.1957330931852858,0.20355776111545762
203,0.1965039018994921,0.19933764768759463
204,0.1983188593883607,0.2018122804929008
205,0.200552798116736,0.19763605291616573
206,0.209293875375603,0.20911180729644707
207,0.2128807366681471,0.16490405055142476
208,0.2142731489196693,0.17479295355772595
209,0.2104621661784226,0.16060019650719104
210,0.2003870403174361,0.17180001540390225
211,0.2017933825482814,0.16996712332084699
212,0.213450407433766,0.1686602434233273
213,0.216257606165515,0.17165187211779892
214,0.2288674526068946,0.16887926484163004
215,0.2341964079057532,0.1632585436318344
216,0.2403084779559122,0.17126002703187085
217,0.2266693818498902,0.16878766835588863
218,0.231480293513064,0.16421441108241977
219,0.2300458250255766,0.16665840811846222
220,0.2136638976880981,0.16877540080310455
221,0.223440541927743,0.17142081868621267
222,0.2265077799373633,0.17227752188386197
223,0.2344011294652383,0.18036080652074993
224,0.2407803064569098,0.21425273280532064
225,0.2519043913107613,0.21500025836737516
226,0.2482566115034481,0.1783407010307493
227,0.2390273740346533,0.178787953537036
228,0.233033289168686,0.17565123421230547
229,0.2323204096115007,0.17730060343479342
230,0.2218474891776304,0.17928781562340493
231,0.2098512435687226,0.17289319955296326
232,0.197250287241618,0.16664108876911882
233,0.1885346906020655,0.16093695196571517
234,0.1960949717111387,0.15458012010084843
235,0.2012230773286532,0.1558294028057755
236,0.2063617593703998,0.16398591404255428
237,0.2021707404163252,0.15479535464897798
238,0.1977541163199924,0.15619011918561057
239,0.202445692913033,0.16094831127041742
240,0.1961100338726446,0.15766746341404303
241,0.1868551180782518,0.16581754829982384
242,0.1884495566192797,0.16558969125768613
243,0.1856575436458666,0.1673190656022114
244,0.1928006285591764,0.16353904065173036
245,0.1832892858641919,0.1594549469563975
246,0.1837899773997117,0.15858812342517775
247,0.1872981742798946,0.15959693178810186
248,0.19355173086885,0.16101931760752763
249,0.1845357210821929,0.1584953898953729
250,0.1910350524567949,0.14545601620472803
251,0.1901226440750342,0.14042093030451028
252,0.1855748217651939,0.14175498232732048
253,0.1812520597464629,0.15756222372089193
254,0.1867225286876684,0.15278584135190731
255,0.2047143008204915,0.1513499574297263
256,0.2159235819802442,0.15580375545754213
257,0.2288138736256152,0.15203952530265513
258,0.224059823699594,0.15846390746725847
259,0.2353786577262567,0.14925492356255127
260,0.2220389192487259,0.1472993361237133
261,0.2224536246086685,0.15033784194974661
262,0.23113730978866,0.16843214296724537
263,0.2191814025497573,0.1642758807178085
264,0.2282211126131681,0.20636025334050828
265,0.2199406484764905,0.19465010724515697
266,0.2243284898439408,0.15013421880504635
267,0.2186490750607973,0.17167061029180897
268,0.2090389774642583,0.14868971161869493
269,0.2146095392022647,0.1742830280320738
270,0.2141502389118695,0.1931407549667793
271,0.2239279511304759,0.18293234142497244
272,0.2201556730611372,0.18296751361170563
273,0.2315870572760783,0.1874976139071979
274,0.2219246732128385,0.17820477842723864
275,0.2213802799431002,0.1885859736546204
276,0.2060347952879986,0.18013621201947386
277,0.1977237532137177,0.19308537376524312
278,0.202420393752901,0.16099961031753626
279,0.211771787268019,0.16280429731412202
280,0.2145879079534476,0.16254799761389993
281,0.207926484666015,0.20290837000679293
282,0.1909082420055859,0.1851017519181015
283,0.2075718317399326,0.15864350436770025
284,0.198581149506179,0.160555920162436
285,0.2026309294407496,0.13714541622920703
286,0.2133074434111406,0.14562043199935332
287,0.2073785042878685,0.17611151885435453
288,0.2096712225826431,0.17844830099861528
289,0.2085675970618675,0.13444019662020143
290,0.2092299816563409,0.1471061329048446
291,0.2059885407941543,0.14730158541924793
292,0.2002397901348049,0.14740155725363255
293,0.2000878851848115,0.14765044294598761
294,0.1815182685491973,0.24978717488519245
295,0.1773473755741752,0.23987983325806572
296,0.1761827873545283,0.1614929533462712
297,0.1760257108575172,0.1696861517656473
298,0.1780125500402118,0.16814506008197963
299,0.1880892285054396,0.1902374461985385
300,0.1839774343358262,0.20068912693878949
301,0.1872555439244074,0.19086962661945323
302,0.1774734007919336,0.18862349693718344
303,0.1800064569184388,0.14766119650044668
304,0.1711498732847731,0.15473131844808222
305,0.1711573359905116,0.1478077655958045
306,0.1668309054895821,0.1463343696603213
307,0.1785553535926395,0.15100839418888143
308,0.1768376326899063,0.14414359766134865
309,0.1890832399647845,0.13541962551324466
310,0.1994479345568465,0.14542226939010125
311,0.1919653540617023,0.15147791307424116
312,0.1800115024165277,0.22055751586988237
313,0.1666390068305229,0.21709516918485328
314,0.1780082521675287,0.13459514795220945
315,0.1777431233784607,0.14244423783230412
316,0.1819488302890064,0.1487248532249549
317,0.1764921924184468,0.15688878228519815
318,0.1752864145795489,0.16933895430590082
319,0.1680848970477203,0.18173576907360928
320,0.1697366978250575,0.13527400151265392
321,0.1741469345779445,0.13845492307833007
322,0.1738773756711312,0.18973843531442794
323,0.1700205798470033,0.18562950907010511
324,0.1702852850776686,0.18395957056662515
325,0.175577835785742,0.17894421444999897
326,0.1816961533540856,0.1755754009088499
327,0.1773443847245382,0.15119816485191484
328,0.1855902960763579,0.15778993693718366
329,0.1829122715698215,0.164337318435091
330,0.180635269673377,0.15579104261096027
331,0.1690991181766677,0.15844800993161143
332,0.173379392840229,0.16000190936403663
333,0.1840837180439738,0.15590424494265337
334,0.1843901120663661,0.16079223563835224
335,0.1758519521066705,0.1433587170118153
336,0.1778159684434187,0.14180719186854257
337,0.1766341743076215,0.1498701192601529
338,0.1643263757337015,0.14808767986344815
339,0.1711671152772632,0.14737210717872057
340,0.1616714756128464,0.18333962406401624
341,0.1558980189684692,0.17860828010160512
342,0.1641784015147566,0.18680302745361752
343,0.1702803586851416,0.13972756746366527
344,0.1546667185546194,0.14089762965009547
345,0.1590730766803085,0.1943740246487904
346,0.1495108163567129,0.19416693663785103
347,0.1420718072882418,0.14875100356595233
348,0.1409179495799491,0.1497926100111927
349,0.137680193664086,0.16132586413614763
350,0.1336927072869531,0.1494573641107726
351,0.1414665006225489,0.15943949173768984
352,0.1399067912954897,0.1414538963279377
353,0.1500961662782393,0.14316850699679168
354,0.1464048256233154,0.16605645294093008
355,0.1354434752424249,0.16741303986100026
356,0.138417590480243,0.16691194779641294
357,0.1333663859240032,0.16771338733117996
358,0.1429720189173888,0.16241946459435674
359,0.1408104816159358,0.1610808860967521
360,0.1371816407732892,0.1713431554212136
361,0.1351944099925397,0.17302837854631165
362,0.1348422296062648,0.2522536579406321
363,0.1381636668164947,0.1752189115203795
364,0.135253845750746,0.1770529674757004
365,0.1315727010228532,0.15166873874475933
366,0.1404572019301836,0.1499066869506528
367,0.1469568705255866,0.14907613130266198
368,0.1617898346807681,0.1461320104353122
369,0.1623269311220597,0.1450910028292104
370,0.1613625717631098,0.1450430747754972
371,0.1540654341092812,0.20372093847562756
372,0.1611644994127571,0.22803715800788227
373,0.1571818077712218,0.2757773323206752
374,0.1609130263123093,0.1577871414438675
375,0.1610298692647561,0.13384976020160172
376,0.152705183411038,0.1432956094143254
377,0.1556312909443543,0.1469632080746572
378,0.1513176787610011,0.16278599799470947
379,0.1488362739644593,0.15697081802471474
380,0.1560264365140998,0.1632344281380693
381,0.1614723581802274,0.16032162016475662
382,0.1588934169374089,0.1845651227512096
383,0.1763543985141841,0.18351445257931207
384,0.1790825517540894,0.18123440110000652
385,0.1702185683723314,0.18897326612517504
386,0.1665695223902841,0.16891257313766522
387,0.1687221738665364,0.18249576979898624
388,0.1782703928481543,0.17821045652249398
389,0.1683777409911141,0.17384694334265383
390,0.1651295543625299,0.1386664282955915
391,0.1724455585864566,0.1429822558928234
392,0.1816387846039416,0.13896373920201602
393,0.1762782568399382,0.14231713469350335
394,0.171924375211246,0.20093796712917544
395,0.1623026937086919,0.19375367151552994
396,0.1521005689527153,0.19024469819431247
397,0.1577025318096459,0.16739398963713856
398,0.1554550639285916,0.17324015673711785
399,0.1557645473065514,0.1576730328506456
400,0.1428434132631447,0.1675104555920576
401,0.1441524083258131,0.16479434371624962
402,0.1540041253453009,0.17324050566032823
403,0.1537340731446228,0.1821274733593594
404,0.1438757344145265,0.18296419883797516
405,0.1343519964597386,0.18866455926711775
406,0.1402178707384809,0.1738432344971001
407,0.1329653569704061,0.18412649858501473
408,0.1386637661794035,0.18269429298632398
409,0.1443722600748943,0.18690796878080454
410,0.1463532458962057,0.1451838890636062
411,0.1382402041165257,0.138629067279013
412,0.1455122547801623,0.13460684944176077
413,0.1530472080579573,0.13269933622774538
414,0.1540449646283122,0.14034083773529157
415,0.1518330778046916,0.14422352405203437
416,0.1474426529275301,0.139120611095874
417,0.146937198951875,0.14608601600291773
418,0.1519864327580084,0.17432691163215108
419,0.1458623014764044,0.1622889103209007
420,0.1523757372126536,0.15710579940946495
421,0.1579103680333969,0.16607460365082768
422,0.1578729284481581,0.16694685601487153
423,0.1496252707312123,0.15462756745102135
424,0.1436558975304121,0.1386901785892614
425,0.1491351674628822,0.18335876781301078
426,0.1567302507159305,0.17715354707681671
427,0.1539423011441086,0.16262265151181396
428,0.1431269240117623,0.17041678924111325
429,0.1444911742952651,0.16075798494390625
430,0.1373038246699616,0.17046356590722891
431,0.136764507879954,0.16560682000419594
432,0.1452999339731699,0.16221382166127163
433,0.1466499083992196,0.1633665938759618
434,0.158470935187675,0.17257863097035891
435,0.1537780455808767,0.18886149155980297
436,0.1475247453888138,0.15346284588729076
437,0.1357078821107477,0.14814463894630459
438,0.1429926635813651,0.16300142627238162
439,0.1401445621418697,0.17389573598047342
440,0.1435220275053735,0.17231637728913551
441,0.1431058658081163,0.15735550877948826
442,0.1494352349938796,0.14389069879196922
443,0.1410634029200219,0.14853172675746992
444,0.1399076584908259,0.15109000992673477
445,0.1515232868423574,0.14438961899452352
446,0.1481746091738768,0.145602275781858
447,0.1538964701204031,0.14323902278356135
448,0.1513269837448843,0.14947036287146143
449,0.1440441479126934,0.14410337853191624
450,0.1404290324433835,0.14316443584451788
451,0.1362264509610322,0.17305301260698472
452,0.1315608441405848,0.16020775595598688
453,0.1462593098226148,0.1558000903442114
454,0.1412766561237753,0.15478860818542933
455,0.1379031161377413,0.15376234053096755
456,0.1346379826789772,0.18910449127203058
457,0.1332628252715611,0.1726234860291746
458,0.1471531060944085,0.16834409010408338
459,0.1524804723490076,0.17570420102922021
460,0.1613067170406563,0.1654270952136553
461,0.1543246806075587,0.16194199953647376
462,0.1486467640664051,0.1668821639257758
463,0.1498732558375475,0.16619735431505647
464,0.1554373878693872,0.16733106652091798
465,0.1450339484790883,0.1667522684482349
466,0.1352047944215725,0.16503434848878049
467,0.1353962868688887,0.15532249744404494
468,0.1368301196783805,0.14686102551453342
469,0.1438447646839671,0.1430735249967828
470,0.1506513452801193,0.1498741395242878
471,0.1527010543957668,0.13931805581594903
472,0.1519893832760984,0.14418160754989517
473,0.1524042354236177,0.17402907918100768
474,0.1496117181884685,0.17041081947791412
475,0.1417239975794151,0.17416789776090616
476,0.1519236816920493,0.1659950439016646
477,0.1624244268597599,0.17297794653401782
478,0.1560447966247526,0.16820317295293905
479,0.154507710386832,0.16786673048688383
480,0.1565273141287614,0.17302034354752147
481,0.159684986143377,0.19556125390243062
482,0.1579951901260195,0.1714808989375286
483,0.1658705093924351,0.16601557690954885
484,0.1558388226283073,0.18575493270609145
485,0.1703139374532638,0.1774933054704782
486,0.1569493661462561,0.153412261895844
487,0.1595682829906132,0.14592294350688118
488,0.1534775569231355,0.17013921830828138
489,0.1533715925428755,0.1723728197410803
490,0.1529206229458721,0.17052738051911878
491,0.1504260232445211,0.15144920171144474
492,0.1529984089287413,0.15177187235193884
493,0.1584994295907199,0.15338845036733634
494,0.1581963709654299,0.14493624452437762
495,0.1619078161619511,0.1533163601531906
496,0.1870676236144562,0.14463280006926468
497,0.1881909798380914,0.15409013903022373
498,0.1771496474186829,0.1547508003265275
499,0.1751863247689987,0.15133741902071834
500,0.1726720047967562,0.15839623188670304
501,0.185282428490028,0.15140912955444003
502,0.1817050632261679,0.1941568885939695
503,0.1728086619527272,0.2001708381716392
504,0.1667600881669766,0.19728217825337396
505,0.1670123796317875,0.17100137030735557
506,0.1561455784088986,0.15163851016455576
507,0.1697083632559461,0.16480474717236654
508,0.1701769934991988,0.16401441235716688
509,0.1703023726684389,0.19627268041070503
510,0.1802463195973688,0.18052128095549147
511,0.1721014785706749,0.18160987091564634
512,0.1698682270415392,0.1806048497442887
513,0.170874821397703,0.19075052619348906
514,0.1682664774054525,0.18234243478851497
515,0.1810860433373556,0.16242879774215407
516,0.185221215890808,0.166772976945976
517,0.178302452697812,0.1633040076467779
518,0.1805717534700661,0.186335962872549
519,0.175216371188918,0.15795327424898173
520,0.1764074334626897,0.16566366811354644
521,0.1654956596532879,0.18273805360674059
522,0.1619589372298767,0.17315604617845765
523,0.1564667141157887,0.17269157688803685
524,0.1617913392196663,0.20200935278500914
525,0.1672353561316004,0.20242934261986112
526,0.1656826698868049,0.13357615610338927
527,0.1532681333649276,0.13991200884091717
528,0.1609690002666146,0.13446972823690675
529,0.1643473846126469,0.14048327802190752
530,0.1589628497050646,0.143556914163583
531,0.1514712688358251,0.14099512781040333
532,0.1483225539013673,0.14785009408414615
533,0.1387066628854157,0.14623721540641743
534,0.1435362516906113,0.14887201444172826
535,0.1448647499701982,0.14148199452497598
536,0.1581455615186659,0.1842989229134491
537,0.1580458552753706,0.1782075033607231
538,0.1549998690918242,0.24421946776920972
539,0.1490793892361248,0.1854193160316608
540,0.1492786218514083,0.1567643103203669
541,0.1531060383987985,0.16018550998259337
542,0.1480703269048058,0.14816708425432826
543,0.1523217793359106,0.15813380490910642
544,0.156545568518574,0.1522317339654892
545,0.1551614211177011,0.1424919064331394
546,0.1621516992687818,0.183422636746609
547,0.1744086739287434,0.15604503728397692
548,0.1732905768221275,0.1513625077893055
549,0.1805189770697728,0.1537578149551635
550,0.1730799118389814,0.1537556562938623
551,0.1615769429873783,0.1459901989746883
552,0.1471420778945785,0.15831740743020337
553,0.1474816189451855,0.14429792827172527
554,0.1467716882368403,0.14897232050199116
555,0.1430295381150234,0.19425659600173248
556,0.1352756123793749,0.16956609916544288
557,0.14047960536326,0.1799418813133978
558,0.1463168865427876,0.1832781815750038
559,0.1436042818732433,0.17752066221214033
560,0.1386773402320385,0.179532872872388
561,0.1510219890304061,0.17936253726481663
562,0.145994409412723,0.17688373872393434
563,0.148185317456581,0.17918226697271178
564,0.1509378567459529,0.1353863205909722
565,0.1540880271623763,0.14005342917940114
566,0.1642390488282116,0.14343752156380365
567,0.1656800549778621,0.1339914316561735
568,0.1545555263311298,0.13268534224445383
569,0.1505985274908181,0.13594882703594038
570,0.1540872315373785,0.13849788898380672
571,0.1532281789668261,0.14638481108217924
572,0.1572813448440991,0.13881045563759778
573,0.1550287139546571,0.13918294224368952
574,0.151186387457366,0.14382832276901847
575,0.1546774177055891,0.14155662474480055
576,0.1617908150600643,0.1373023707696553
577,0.1522903890543816,0.141005034942505
578,0.145647762017019,0.1432471977800475
579,0.1565752729433597,0.14438006779882673
580,0.1508291076526158,0.14455678994622775
581,0.1553525172545463,0.14619330433058034
582,0.1368494305658716,0.1368520772383205
583,0.132834816790014,0.14033815111182293
584,0.1335160530528426,0.19675855572586262
585,0.131139561210378,0.18927619533738452
586,0.1361164891039669,0.1946424508499161
587,0.1514957959483746,0.14840875999225567
588,0.150715661440794,0.17958685439000865
589,0.1629391455703789,0.1668810115885216
590,0.1605707167189001,0.17348144781544758
591,0.1584763268067478,0.1783087854522256
592,0.1706629855707207,0.15258138090618714
593,0.1669522501815944,0.18356115018434827
594,0.1664931194879465,0.17821985006792454
595,0.1672615207868416,0.18137330101493415
596,0.1694061316522629,0.17376979586330685
597,0.1754330998799901,0.1416140141890953
598,0.1799527383666266,0.15794591346305234
599,0.1734819794967441,0.15597056607777313
600,0.1811443150898357,0.16162151121308696
601,0.1796538388121412,0.1537619153390961
602,0.1771875361522982,0.15410432245539826
603,0.1714652941227572,0.15148839465911487
604,0.1761675911117982,0.15372456709736335
605,0.181304834807082,0.13804486578678787
606,0.1737835196280545,0.13503858428688933
607,0.1829380200978873,0.14585795199719687
608,0.1820502390561112,0.13317035135913738
609,0.1794795908279877,0.14594433606028856
610,0.1833057155580942,0.15416177500703046
611,0.1867223630960591,0.14623940685492406
612,0.1794378577674213,0.14640517334873485
613,0.1765800605723815,0.1493674184146387
614,0.1733063606455246,0.1585175053644534
615,0.1734232459890105,0.14226704883710112
616,0.1678948283909254,0.1525342548196033
617,0.1640097363856911,0.1517964650281611
618,0.1642403409348328,0.19498314813991507
619,0.1624455725047072,0.1959426327817414
620,0.1527619889319532,0.18693488126334193
621,0.1560642843161306,0.14636403756858624
622,0.1628399584507668,0.14676575397709826
623,0.1745004670414056,0.1427897802745083
624,0.1813249494641905,0.1331634463540482
625,0.1709570926390076,0.14346912313252386
626,0.1740729001205082,0.16311887729589108
627,0.1753175254660564,0.16914354696067943
628,0.1729768313406796,0.16836563561669474
629,0.172268812423217,0.14878473403425932
630,0.1723802606119031,0.14315082471485854
631,0.1587379986903251,0.14737651195430906
632,0.1577570631471669,0.13680571885267692
633,0.1669457468005603,0.14538609095420277
634,0.1625563964562888,0.14714741336247145
635,0.1844766512496621,0.2376752309865573
636,0.1776869538879552,0.2415578901882197
637,0.1718614686248233,0.226196565458244
638,0.1842156927115259,0.2283814573763153
639,0.1791822066020688,0.24638308404938078
640,0.1826658840780582,0.13809783398767947
641,0.1800280174989421,0.13662386300598942
642,0.1784637759844653,0.14344104272679473
643,0.1821106987487116,0.14653773734472417
644,0.1741615619047894,0.14382183654192993
645,0.1550394806717071,0.19624984707172025
646,0.1444151044375618,0.20315900544644028
647,0.1511790327494945,0.2075698372848436
648,0.1417467243544418,0.14550367991974292
649,0.1337054540620689,0.16113560523609613
650,0.1334405539777333,0.16318574022726798
651,0.1327619432631482,0.15902871479189187
652,0.1378370190461326,0.1566978130208774
653,0.1443953171264982,0.15782607938247506
654,0.1327566965503042,0.16648808930537673
655,0.1370378480033823,0.15990367883726225
656,0.1347766709318138,0.1381458372555868
657,0.1381960042088958,0.1387172349913797
658,0.1340602887199069,0.15982395143663664
659,0.1388364899281083,0.17803625313142138
660,0.1356233281540498,0.20870741539602458
661,0.1391629139289293,0.1685517690855889
662,0.1517590278412851,0.17329296696547525
663,0.1505781812146937,0.144820737377078
664,0.1500457866817201,0.1347391068923669
665,0.1475518811612372,0.19783681368720218
666,0.1520746030447442,0.1979353404034468
667,0.1609888489152114,0.19458558044326427
668,0.1706350366429159,0.14620982068520094
669,0.1721387745677325,0.13641883275280892
670,0.1815439106191875,0.13877042141744989
671,0.1781480562187001,0.1531048540077931
672,0.1804848718683,0.16027192358359355
673,0.1836154466664664,0.15718211160090137
674,0.1831215495272231,0.13114313716346152
675,0.1836124929066829,0.14398565205041255
676,0.1873256584719853,0.1451434997178248
677,0.183340883014481,0.1453569548485873
678,0.1815453562795452,0.20231456096048983
679,0.1837741380754953,0.21202148540590515
680,0.1776089924826933,0.2035944130637732
681,0.1771850982710913,0.21063979761558896
682,0.1690568984854639,0.16008240148938926
683,0.1766995788815832,0.14151749325270807
684,0.1698421388489264,0.14121362873995683
685,0.1717674195546699,0.13644940626443663
686,0.1740878564510075,0.14714116830712065
687,0.1682668350873044,0.17869085229199086
688,0.1744618979294591,0.14884303564344661
689,0.1704885023166725,0.14644917154440343
690,0.1717127041117426,0.151371399790821
691,0.1837894188497454,0.14935092108815076
692,0.1816361262737738,0.12883260375622443
693,0.1836818469352529,0.20100050392788285
694,0.1798102128690435,0.20209518559363554
695,0.167781190261064,0.20566916591237563
696,0.1631197854096192,0.14826517058880181
697,0.1676816933150575,0.13976603472093846
698,0.1684516658831889,0.1337800220420257
699,0.1652516810644594,0.14061819948982932
700,0.1746870590103029,0.14176149224970158
701,0.1563108851279683,0.14323070969000667
702,0.1562295403710345,0.1466429556381596
703,0.1550057105387112,0.18883268836623207
704,0.1706600833636558,0.159103664708596
705,0.1685975298009841,0.1505287447132461
706,0.1700384597722257,0.15770494397130913
707,0.1635691951476075,0.15480737516641882
708,0.1514533391531522,0.14831616216459734
709,0.1649427248158197,0.1541686290306119
710,0.1585576451313179,0.15482012764457706
711,0.1576520585502552,0.15362746395348026
712,0.1605854707401654,0.1472801164254736
713,0.1610334095804261,0.1663930465955579
714,0.1591517103441482,0.153754028184501
715,0.1579147362961398,0.151442059042166
716,0.1552306284627998,0.15086608507943655
717,0.1373699791618211,0.15216466369444506
718,0.1476045435259219,0.15691227456742488
719,0.1483099110826391,0.13765302601262833
720,0.1400443849639293,0.13951667922593952
721,0.1438168277694248,0.13948764928731636
722,0.1476347819635691,0.1440105318824359
723,0.1501661020948952,0.14079756785464073
724,0.1593258854863139,0.14226975690951074
725,0.1583177598982715,0.13999636914142544
726,0.1528098194770644,0.18615764376773009
727,0.1558599292463992,0.18969162357309982
728,0.1582662402939402,0.18791188908322218
729,0.1582063650685868,0.15078687032935623
730,0.1683935145009785,0.13059721154829704
731,0.1574206015653108,0.13743678124019645
732,0.1681004899036256,0.13006558404033353
733,0.1624005649406984,0.14185723585985732
734,0.158153873882993,0.22823852889257246
735,0.1643199503593278,0.17651083461073278
736,0.1573706274083606,0.16941985475454754
737,0.158495109496269,0.18594418755993497
738,0.1587580644658831,0.18268119951426248
739,0.154692254008322,0.1733281898359946
740,0.1531907655358744,0.1783511908897321
741,0.1514917166876057,0.15312200386663158
742,0.1543439624322934,0.15154847533651553
743,0.1528651397858598,0.14296727423001526
744,0.1571277818721204,0.1552621742710909
745,0.1586818293965174,0.13949604037524121
746,0.1615359676925434,0.14854474658066233
747,0.1591124605830158,0.14917250437826915
748,0.1642907430069331,0.14912349522958257
749,0.1727414578837535,0.15278214587236852
750,0.1773823115648776,0.1487899756012813
751,0.1847981990332854,0.1491046984897816
752,0.1837397734704363,0.15029610752969533
753,0.1950371224234423,0.152856055732783
754,0.1876638967615626,0.1482884449230049
755,0.1995569771289733,0.15031551317571087
756,0.1769000261680196,0.14987895085049532
757,0.163246407818465,0.14962624364325317
758,0.1742753427047634,0.1833318831515495
759,0.1718697147539615,0.18413519440650875
760,0.1838334004128463,0.14492171638167486
761,0.1708493978752536,0.16285493975066026
762,0.16503901492236,0.16029559716872935
763,0.1575183992532125,0.1500481512992578
764,0.1610935069370862,0.18409161052400347
765,0.1475052839620054,0.18292907998031666
766,0.1501659655436898,0.18075424497772477
767,0.1520550338669097,0.1840453620853243
768,0.1587008927835354,0.1810909749422773
769,0.1609062203531917,0.14438961234383196
770,0.1577198837642546,0.14029197984991995
771,0.1597725492513037,0.14587359956385576
772,0.1582125994532008,0.22688758668943182
773,0.1583611568230803,0.1878196691163454
774,0.1621007753550432,0.14445614131910128
775,0.1596533680148972,0.15030240052890229
776,0.16111538781622,0.15329354244560753
777,0.158559834301614,0.14509765025460045
778,0.1543247594298068,0.13483809716902495
779,0.1494591397009766,0.12991797306267414
780,0.1505870453048798,0.13831082929846228
781,0.1657429440331057,0.24855412112982986
782,0.1598341646543727,0.24612965646111717
783,0.1514389689574289,0.2613254769168166
784,0.1499027439328696,0.19934219455002597
785,0.1361574150249751,0.18941171465237214
786,0.1434459915403038,0.19436877540004435
787,0.1421840781881499,0.19118331804163613
788,0.1427687819072381,0.23394389233223617
789,0.1393232798086881,0.2154836473981392
790,0.1391695925131078,0.21114728866660196
791,0.1360016287528449,0.21552115310611833
792,0.1440735387826784,0.20663007926164087
793,0.1438141988038227,0.21333111637211713
794,0.149553263414719,0.14900126778507858
795,0.1456220994348361,0.14630991776094532
796,0.1411135516971279,0.14880363723038917
797,0.1383704139478728,0.15113796267326418
798,0.1372631432373033,0.15658944862080967
799,0.1388030626423791,0.13794534171998046
800,0.1334203272131896,0.1528386274287479
801,0.1341708461237214,0.14855915780204976
802,0.1451177860936682,0.15319264486756715
803,0.1317849922503215,0.15510883327318742
804,0.1380607732329905,0.14863183623369083
805,0.1472612566433742,0.15007589739154134
806,0.1511725518002944,0.15649215060736701
807,0.1536776466231656,0.16655591616905072
808,0.1523737426770914,0.1616746139456596
809,0.1587527593536099,0.16055198990552205
810,0.157420513573604,0.16002447899523412
811,0.1658272968268467,0.16295319558134141
812,0.1689201086734606,0.16209971404174078
813,0.1657803848909659,0.18342766697404894
814,0.1580771651426032,0.1840950322052907
815,0.1593620347903512,0.161051919331187
816,0.1457827466847127,0.1542238074390902
817,0.1554652090824784,0.14389876371574012
818,0.1644379958768199,0.18595429055264334
819,0.1671333660246208,0.17935270427839312
820,0.1582369564514966,0.17635960764300693
821,0.1571330737853258,0.16370052495296322
822,0.1509181322522864,0.26023889382863497
823,0.147471842420431,0.14915669454180785
824,0.1490300170667588,0.15203266782561287
825,0.1487190034129393,0.19521183327557007
826,0.1502827046701166,0.19258637908328252
827,0.1544947892448841,0.1565753423220863
828,0.1504426002386341,0.15730400283852186
829,0.1683743960901422,0.1494212841827477
830,0.164610294655989,0.17272522858903375
831,0.1582046818363148,0.1547166596413419
832,0.1643272431182577,0.1586434951608462
833,0.1710990298054822,0.15274958868780653
834,0.1681926249899174,0.15662886863768496
835,0.1795049302482345,0.15935482076881238
836,0.1750110340337824,0.1603050076291397
837,0.1571839414703801,0.15798067846396727
838,0.1478773340094901,0.1335771733708585
839,0.1563774977028892,0.1453676427791426
840,0.1582272915101425,0.14731508114636438
841,0.1452841156684825,0.1500886946823916
842,0.1517028522414448,0.16500131834158432
843,0.1618423282885608,0.1521547145949344
844,0.1744389462682824,0.17718063927925193
845,0.1672252579122823,0.15074560074715937
846,0.1795384372092491,0.15402611203537409
847,0.1832505597144183,0.1563393944872825
848,0.1800307905339334,0.14874860454547856
849,0.1878063889085911,0.1531285319485956
850,0.188636994563502,0.13064504835456622
851,0.1895648523808275,0.13931914411194693
852,0.1755764627723529,0.18068839461851882
853,0.1685987219642038,0.15858403092312648
854,0.1746221882007408,0.1541326464077963
855,0.1768770925957175,0.1569001590847293
856,0.1736616983578271,0.15462345503678826
857,0.1644070914647293,0.16164250902419225
858,0.1634198117291851,0.15833172567669782
859,0.1574308424349319,0.16436103976774577
860,0.1652891799322788,0.16776348639953872
861,0.1623285585891006,0.16082945019007217
862,0.1653266859651988,0.164304294671227
863,0.1709315543702185,0.17050836964978364
864,0.1744496692896394,0.16101355229189185
865,0.1885423354712824,0.1578502011973626
866,0.1945813504549808,0.14397206383705913
867,0.1828611641074321,0.14633068386028966
868,0.1949779923322399,0.17129880709347992
869,0.1878172379028923,0.16699961495095947
870,0.1835803697796909,0.16896967660834195
871,0.1840858294912074,0.17115282910383997
872,0.1820844885847148,0.16725977621883556
873,0.1859630809196983,0.16341531641283957
874,0.182351714073787,0.16877494272057741
875,0.1931856443906785,0.16669664758472033
876,0.20219724160976,0.1930590273752431
877,0.2016012604606535,0.15027577173525858
878,0.2082408667470036,0.15795232510230814
879,0.2060373920454803,0.1573751497350683
880,0.1881107020028411,0.1554135514116885
881,0.1980382324308047,0.15630363468015063
882,0.1983377251711802,0.15288870699542947
883,0.1972178510229229,0.15446533338804766
884,0.1880010386336337,0.16489606706683652
885,0.1750986592407287,0.16746763605824536
886,0.1625704937483934,0.17740624417309558
887,0.1655856060931644,0.16634838307425567
888,0.1662879887613228,0.17589988127895664
889,0.1638679186539021,0.17012019382879887
890,0.1576261622906585,0.17215135210837096
891,0.1679706477952803,0.18298585750213303
892,0.1770935753206236,0.13789552701485533
893,0.1745672294968966,0.13775279731643159
894,0.1866264153616808,0.18194392091180953
895,0.1781515075946054,0.1670820643988938
896,0.1896661494595621,0.13921460660620943
897,0.1803989359923445,0.1327349353609306
898,0.1681591970873542,0.135809818934976
899,0.1688847361555727,0.1352942420685293
900,0.162905373038588,0.13739978695764518
901,0.1636080425992235,0.13150045424650147
902,0.1693905814118225,0.13121932867576908
903,0.1676310327490258,0.14467480720388348
904,0.1738751665661033,0.13633396723569735
905,0.1789905227192104,0.1352283307392559
906,0.1767324463063062,0.13493803220283448
907,0.1811768624984545,0.14569494133794383
908,0.1773465964740316,0.1350113611537046
909,0.1882278499712131,0.13970208173226145
910,0.1807390343189138,0.14572770369884164
911,0.1600168841467782,0.14019455825917918
912,0.1727242683702958,0.13662895092867533
913,0.1761819849218461,0.13883929817177718
914,0.1805228533500251,0.13616484860177971
915,0.1782723173417446,0.14398706214364124
916,0.17730490883405,0.1383413360058673
917,0.1692397068676105,0.14015134425895476
918,0.1705223235647451,0.1436834539178595
919,0.173141689031578,0.13707283401423317
920,0.1644067346591069,0.13708427910673554
921,0.1702451245446684,0.14111514969161354
922,0.1755122260058624,0.13605480326356892
923,0.1704296696358223,0.13740802614510558
924,0.1742427676028834,0.13752244304362007
925,0.1800382676972749,0.14345081297768394
926,0.1870478388244285,0.15857857087256144
927,0.1842670881761999,0.15843272460725985
928,0.1814211430493535,0.15078872240631686
929,0.1801790332363874,0.16817737305787037
930,0.1789846654775728,0.1635626596099961
931,0.1655438017791425,0.14143521971409206
932,0.1721333920165939,0.15561378622452832
933,0.1725199710469791,0.13861525159162466
934,0.1678741121399343,0.14373643363093402
935,0.1672170450171334,0.14609022465337745
936,0.1778231786957079,0.15132255872856273
937,0.1816170474695248,0.14678959131109448
938,0.1719450427629674,0.14114737054976
939,0.1742113580059479,0.17429316424564098
940,0.1781623614042986,0.16026804864694014
941,0.1742015716963044,0.17091569104288326
942,0.1757685336367612,0.14759701638799655
943,0.1701402880638847,0.15917173060657358
944,0.1768131972249067,0.1478441270051977
945,0.1709391189948672,0.20680853342861855
946,0.1785012895648984,0.19911694433306204
947,0.1793118587335535,0.14491744794771627
948,0.1638211455480911,0.13798028952744548
949,0.1442245363237463,0.14196826351313468
950,0.1394946954547273,0.21018872762901347
951,0.138607242107309,0.17112516447659776
952,0.1395353564725052,0.18195539188836238
953,0.1284219063855855,0.1482575150594696
954,0.1411431686100568,0.14528355135002186
955,0.1396573935398057,0.15000279570143477
956,0.1348134053915588,0.15623491721225605
957,0.1439492607384595,0.1567489894189915
958,0.1426906000310854,0.16647991558609676
959,0.1546918486201125,0.1596205451579859
960,0.1534612685948188,0.16331013644876033
961,0.1559218045565094,0.2267609009041593
962,0.1705611190124793,0.14287287537681084
963,0.1690111056211514,0.20630201434651418
964,0.1703615844455968,0.1900762163538106
965,0.1765215847718269,0.20097509461756846
966,0.1740203217819783,0.1596342675461475
967,0.1628453341571532,0.15795903789781063
968,0.1626439291988253,0.16415314792235228
969,0.1711034332481241,0.15609185849429616
970,0.167980330130904,0.1545582341466511
971,0.1659389337735049,0.143992430392229
972,0.162258726202726,0.2196387025194666
973,0.1628458408888579,0.21704936094155536
974,0.1691791056803195,0.1575483656256706
975,0.1707398951540539,0.15479304969743612
976,0.1727530157099756,0.15817167950900063
977,0.1559393376360274,0.15883599199026685
978,0.1543490492327141,0.1529668486759182
979,0.1559184258067972,0.1771558833782546
980,0.1587820286639218,0.1786331707728458
981,0.1703562936644175,0.17456414705746576
982,0.1708838479527399,0.17111316153488287
983,0.1699895441241113,0.17400881980539176
984,0.1672377227936015,0.1696882238804724
985,0.1546337278177417,0.17037161708007964
986,0.1647782499352775,0.15213627165632512
987,0.1584417728567988,0.136862791075145
988,0.1660465122248724,0.1394457965976822
989,0.1628002636661427,0.14112002550264208
990,0.1571867006813423,0.1383195347760893
991,0.166035500685788,0.13300947623006265
992,0.1643003694020921,0.1358821726234676
993,0.158293451540472,0.1670632213900229
994,0.1633454754788186,0.16510632533159653
995,0.1652246097396301,0.16562220808403402
996,0.1731170583747649,0.15627358840039032
997,0.1739123455921189,0.16375097630258176
998,0.1734185236670704,0.16602686061580976
999,0.1661081449803272,0.1658623042980816
1000,0.1708648095111777,0.1369731908944889
1001,0.1638915254947567,0.14702318608019777
1002,0.1635680488078348,0.159587402602056
1003,0.1674208290087991,0.1574560423986314
1004,0.1585528266290692,0.1525907283772947
1005,0.1571976148371272,0.16392255457566302
1006,0.152242394083921,0.15215526431091417
1007,0.1497194084636596,0.16384178540241734
1008,0.1536400508328024,0.16418810406310777
1009,0.1512509172342563,0.15361030969707434
1010,0.1507320861170325,0.14299004603804288
1011,0.1498906024053117,0.14097732617210101
1012,0.1500257796576825,0.13830350052805743
1013,0.1358769042505481,0.1384452147058987
1014,0.1395181199489753,0.14819757738078343
1015,0.1307956918226064,0.14242262220219837
1016,0.1431774738000462,0.1988690114561107
1017,0.1375214257105072,0.1879165306889888
1018,0.1382264042019491,0.1998233186309446
1019,0.1357569179591603,0.19698097328930045
1020,0.1324388129020934,0.199915836104367
1021,0.1355154310373839,0.19499874469386314
1022,0.1402955854947906,0.20059870312858757
1023,0.1340484614437604,0.20731277078243235
1024,0.1494744639305551,0.19408839379553988
1025,0.1602138306583757,0.19687152062030117
1026,0.1578527358180959,0.19695448689586478
1027,0.1579968779045726,0.19976912947248704
1028,0.1603457803322389,0.19785027307690767
1029,0.1564819152344715,0.19517674082337014
1030,0.1519265472518823,0.1622410975682948
1031,0.1570945774487328,0.15946109845924455
1032,0.1512170208099179,0.15634461693154944
1033,0.1559813241504737,0.154081054043777
1034,0.1580403656260143,0.14958893410113994
1035,0.1546966865996802,0.16131769117007377
1036,0.1507156457949788,0.1557279668785045
1037,0.1537657271453014,0.14746832423746112
1038,0.1484507090869485,0.1443457042332068
1039,0.1492800739139352,0.1370854656552533
1040,0.162511442414408,0.1387507794996831
1041,0.1557859402637551,0.14601921867907697
1042,0.1449423204655037,0.14639841275237972
1043,0.1423578216574228,0.1505122527507664
1044,0.1438342697396791,0.15266089408038244
1045,0.1439918929703868,0.16799777816317193
1046,0.1483982563285746,0.15958765572834477
1047,0.1551024163946229,0.15532100473335073
1048,0.1619220707377315,0.1639929056441773
1049,0.1606254922812355,0.15726196651585966
1050,0.167144953503424,0.1638827978278141
1051,0.1691337926940877,0.16944540281762807
1052,0.1645782628500668,0.15964269786761184
1053,0.161989650959642,0.16038135356000963
1054,0.1631457866554418,0.15814877297664423
1055,0.1576415352604856,0.1647249975165071
1056,0.1575851286522223,0.15743532890185158
1057,0.1576481213684619,0.22119259235943717
1058,0.1638034565657798,0.17499904953273296
1059,0.1689797118351394,0.18314375461577576
1060,0.1671601335224839,0.1791679906634961
1061,0.162243426642649,0.1827625502711778
1062,0.156810147967439,0.14415727052315958
1063,0.1542724451060136,0.14131144850234784
1064,0.1511842315624888,0.2294998119576618
1065,0.1487803614301039,0.165723981068125
1066,0.1562514887362599,0.16864872737301304
1067,0.1615005481391566,0.15192350350058648
1068,0.1535215511170382,0.1514884572669539
1069,0.1487833736778722,0.1452343004212146
1070,0.157765758220369,0.13181573055198673
1071,0.1548207327970089,0.12947441797325557
1072,0.1561767028235113,0.13282340744989157
1073,0.1531194122616064,0.13884108212904267
1074,0.1542995370975773,0.13017755320303842
1075,0.1557759693708668,0.13419242229626716
1076,0.1645970902070118,0.12928283402243904
1077,0.1534518930505443,0.137199532194204
1078,0.1446296844084096,0.16279624901191578
1079,0.1521887104881187,0.1672942409767857
1080,0.1595163495062708,0.15787063939897336
1081,0.163337482398782,0.1447849988043788
1082,0.1631497586919736,0.1399500069270755
1083,0.1642575091344795,0.18146678470291455
1084,0.1663171021467014,0.1854266246482974
1085,0.1566467693943833,0.1769919947508208
1086,0.1604100934487987,0.16040929740193408
1087,0.1639373947064432,0.17132090142554082
1088,0.1724152432132824,0.15193070640271328
1089,0.1737286062728206,0.1557933735957639
1090,0.1820312805726395,0.1450005802430325
1091,0.1695809604542592,0.1550908034231974
1092,0.172988831356937,0.14944438317171838
1093,0.1895412277823986,0.15045561880396932
1094,0.1914810424898958,0.15190275840313588
1095,0.1867899805010151,0.16519595711815788
1096,0.1822531950770875,0.1591103411271155
1097,0.1781438748894889,0.12876828021807316
1098,0.1718108445212626,0.13751399834054556
1099,0.1525742870815284,0.1353210213626774
1100,0.1540613558716595,0.12677421347066167
1101,0.1568451340781247,0.1355414717282605
1102,0.1677081471952543,0.13610404601464565
1103,0.1635792702738891,0.1414175828542051
1104,0.1625553946992077,0.13660674930502187
1105,0.1617794047524355,0.1337479744128129
1106,0.1569696278619599,0.14013998637712288
1107,0.1610858641095089,0.13349826272819298
1108,0.1520716412873866,0.13833067483531983
1109,0.1494149789657096,0.13838376569591426
1110,0.1444139060607772,0.1376209872163538
1111,0.1438761919589645,0.14781704494763984
1112,0.145282444106487,0.146983065010133
1113,0.1465147991659244,0.1492819350112612
1114,0.1493140753737164,0.14728673408968768
1115,0.145526510777138,0.13716949183133353
1116,0.1415346780408995,0.14808685592993204
1117,0.1406711406803593,0.1371489057763776
1118,0.1381141388120897,0.14779382797822382
1119,0.1505500487486094,0.1518403788609649
1120,0.1425802196138807,0.1444701665842354
1121,0.1372112274201711,0.16670675310825506
1122,0.1322550523098564,0.16642391117886565
1123,0.1343474762779096,0.16095595723620568
1124,0.1285638896475307,0.1611506876768565
1125,0.1327451884402149,0.16640915238081694
1126,0.1437200085269756,0.13928539661564668
1127,0.1376055858573993,0.17313680345024618
1128,0.1483576885185988,0.16957177508718876
1129,0.1466200494865294,0.16274470771136862
1130,0.1571542961202022,0.16356649356300174
1131,0.163768205171875,0.1943428671410458
1132,0.1618043081924557,0.18512296378257914
1133,0.1632654071021151,0.18796550210103286
1134,0.1673792953293073,0.15704532796077772
1135,0.1548982992996993,0.24200387884866384
1136,0.1579391754529132,0.22982519311816846
1137,0.1672733544768837,0.22946077642447102
1138,0.1736546222379438,0.16381773664211285
1139,0.173477723368219,0.17538256942368727
1140,0.1789035510302063,0.16938842289571493
1141,0.174559864250404,0.14378967541995877
1142,0.1709030773740897,0.17601683262130044
1143,0.1734238893028032,0.15646354059475842
1144,0.1774056699626159,0.1476195325302415
1145,0.1687758513452461,0.17175193966350683
1146,0.1712525110867422,0.17001741244559143
1147,0.1895144772994865,0.17062586004358368
1148,0.185244222864303,0.16473788633907965
1149,0.1861903457780554,0.16685782743477284
1150,0.1827979060725999,0.1622916774743401
1151,0.1832250406673131,0.1990139685483624
1152,0.1720240438360848,0.13767343702885115
1153,0.1685563750807282,0.13660203377266086
1154,0.1773335890723411,0.1361786495106727
1155,0.1724246591667539,0.13560228924369777
1156,0.1710087906310045,0.14458805385702392
1157,0.1742977191868584,0.13144205620995364
1158,0.1751701539221315,0.13506159023106962
1159,0.1807440626219639,0.14150413027634398
1160,0.1703848929686649,0.28369959773342124
1161,0.1661570573657944,0.27690903041346476
1162,0.1616856991933566,0.28962576314666255
1163,0.1545656234667675,0.28398599246062955
1164,0.1632879996742657,0.2863504678374495
1165,0.1612203373933602,0.2897876021383111
1166,0.158298393781051,0.2821689846135236
1167,0.159485561124429,0.18956185607908208
1168,0.1637288759072072,0.14920218967505372
1169,0.1678328550389362,0.14518510045998018
1170,0.1742339065766842,0.15243732851494313
1171,0.1714385078287699,0.1476344295809477
1172,0.1679405117595026,0.14642407731379753
1173,0.1575111712520835,0.13763151423004985
1174,0.1483843223771628,0.14119571972811412
1175,0.1511932310006809,0.1422917798565898
1176,0.1604800924448813,0.13568322097453292
1177,0.1569413022421629,0.13828806904774982
1178,0.1614953246959561,0.14850015141832934
1179,0.1549535742747306,0.15646245296344657
1180,0.1620937676539486,0.16643284525936616
1181,0.1499634072836836,0.14279660473101635
1182,0.1466290954560746,0.1577920590683592
1183,0.1440976369618885,0.130272980823354
1184,0.1438177996036918,0.14237952825289746
1185,0.1479362426514342,0.13403246250667714
1186,0.1435566366357165,0.172115779527782
1187,0.136519800000991,0.1738800679590349
1188,0.1375637415733119,0.1720944821681824
1189,0.1368044674915223,0.1316795629613904
1190,0.1350308253747069,0.13193930824266714
1191,0.1354513634920273,0.12659258734239262
1192,0.1325529122561898,0.13160770131955385
1193,0.1390609836297756,0.1809972133083283
1194,0.1291476757835882,0.1783566280442407
1195,0.1386245634964781,0.1856683493070463
1196,0.1522778587167609,0.18643109108123607
1197,0.155232232296671,0.18285222495478018
1198,0.156979718190684,0.19400568463186324
1199,0.1557189290511001,0.18597493996145822
1200,0.1513707602567965,0.18692667745196373
1201,0.1438023932255619,0.15622539095146823
1202,0.1501672297848385,0.14529973038482927
1203,0.143654998707418,0.1514770679723201
1204,0.144672310227803,0.14927435124743338
1205,0.1496729952548314,0.1494213737653724
1206,0.1500689445958234,0.1731787133413764
1207,0.1498416964856686,0.18164625409656943
1208,0.1566862039421295,0.19148038819814403
1209,0.1627993933933681,0.17728748281298679
1210,0.1713258340384737,0.14395051109381302
1211,0.1788445784551343,0.13614258333512214
1212,0.1925298003111039,0.13223890580879846
1213,0.1911780399475772,0.14324500037586593
1214,0.1899744272241082,0.14290255197228854
1215,0.1888141231288555,0.14687677764882753
1216,0.1936933638483817,0.15250173980243245
1217,0.1851378556400841,0.15023205039809587
1218,0.182298690677588,0.14625990148068874
1219,0.2060480144200466,0.14701230696854148
1220,0.2133100297513757,0.1494030852620329
1221,0.2141001243983314,0.1530856323689007
1222,0.2145510021622992,0.16940009496720565
1223,0.2140818969792787,0.17324175909535272
1224,0.2290307450180134,0.1646674410589772
1225,0.2205441560714069,0.1670551089437472
1226,0.2282435446582262,0.17735593466408264
1227,0.2198145594891029,0.171660373262815
1228,0.2229674382544793,0.12976790760542248
1229,0.216527974551611,0.15349495366637134
1230,0.2142950467404066,0.14914993608757146
1231,0.2233008881736985,0.15035587071290815
1232,0.2203366372828264,0.14609610857737276
1233,0.2208920568386326,0.14933289919978246
1234,0.2109869138620492,0.19056124128438887
1235,0.1904800857317089,0.19418984576876755
1236,0.1821855683100554,0.17512475781749823
1237,0.1837921460064458,0.18940655817199448
1238,0.1885874545262511,0.2005094544146048
1239,0.1965386885838524,0.14378656264048273
1240,0.1970112905142981,0.12975754204012432
1241,0.1997124877031006,0.13205506451654844
1242,0.208165567685657,0.13801867860651243
1243,0.1989881717338279,0.1541321069384799
1244,0.1994829794981216,0.15689042034908832
1245,0.1931855439250937,0.15520290273991402
1246,0.1892210744814636,0.15484095415110952
1247,0.1882264312311328,0.16226699418398025
1248,0.1795206596285194,0.15226254630755767
1249,0.1765812410172206,0.15360006569009696
1250,0.1826543209881658,0.157074627038796
1251,0.1786264620971924,0.1371056192744125
1252,0.18438986456667,0.15031561483179123
1253,0.1811325321076581,0.14378179222438595
1254,0.178448046681679,0.15038227202507945
1255,0.1740961572795784,0.1482629779618509
1256,0.1750955958378816,0.14594159261349474
1257,0.1710112047520969,0.1593114864650731
1258,0.178500111769712,0.1485311029478192
1259,0.1848770853982712,0.15190605457403755
1260,0.1833547464517614,0.1555185160423905
1261,0.184570665502259,0.15650394836589954
1262,0.1771676822601062,0.15503955714444054
1263,0.1690327262992255,0.1559467128456182
1264,0.1657188347813645,0.1593480767081522
1265,0.1593688231671747,0.14576196522623777
1266,0.1431238257638733,0.1495477062781126
1267,0.1498812353257729,0.15063900961589163
1268,0.160273883837848,0.1775047311639867
1269,0.1630062137256521,0.1450062153864782
1270,0.1624131189527211,0.14541501538417037
1271,0.1574962748294129,0.15112956245740858
1272,0.138516761769336,0.1523032519406085
1273,0.142902602902486,0.15634577506198202
1274,0.1470222787608174,0.1694131747163073
1275,0.1479458305692779,0.1445742540845923
1276,0.1584056680167055,0.14665155120685922
1277,0.154579064216603,0.14167210451404394
1278,0.1529456808091624,0.14109297853731267
1279,0.1594261868694498,0.16768328882049052
1280,0.155164034479047,0.16548532329058324
1281,0.1431447552864922,0.1563399091537635
1282,0.1393142765995732,0.13884318472090781
1283,0.1333142836852473,0.1424321164012454
1284,0.1374424370765667,0.15539968660392414
1285,0.1381996853976647,0.14790684179730937
1286,0.1292497234405024,0.1624444474566356
1287,0.1326290643850601,0.1518333640302854
1288,0.1438111248852698,0.1364552734086909
1289,0.1381636783711599,0.13977037239061912
1290,0.1423563335039676,0.1665040610631647
1291,0.1417627170405341,0.1698745958826821
1292,0.1547077987216997,0.15301287770505803
1293,0.1560375480555953,0.15086639894738127
1294,0.1474976714203851,0.15298581182209067
1295,0.152814364376036,0.15933829460711058
1296,0.156759169460806,0.1641392639861379
1297,0.1509735526489624,0.15651594972044813
1298,0.1606747607045913,0.16242120129550072
1299,0.156577478196182,0.15774832375121767
1300,0.1552759577961763,0.15970556320776408
1301,0.1413862526384267,0.16713540604034827
1302,0.1431030377555165,0.15738040250441776
1303,0.1419528180185085,0.15133192143483903
1304,0.1414770445857082,0.1804838046999802
1305,0.1415282778911969,0.14735309094466165
1306,0.1432098780084921,0.1463748105835475
1307,0.1501808265199347,0.15258813504836316
1308,0.143351600449778,0.15643171884408108
1309,0.1400783674224159,0.14499051809520727
1310,0.1405315100957699,0.15449317435844387
1311,0.1382520724121737,0.1486160089144499
1312,0.1450499077034413,0.17198529715985494
1313,0.1567534417335701,0.17161801316057895
1314,0.1536023016296046,0.1713804805336234
1315,0.1612356055413772,0.17649534942620274
1316,0.1614311602933247,0.16119782440409056
1317,0.1525030876421502,0.1692089879924491
1318,0.1430649830976201,0.1615739296158563
1319,0.1408984873267544,0.1347979368514921
1320,0.1386296759863428,0.15193766437069342
1321,0.1380102978956551,0.14172724568074713
1322,0.1380561738822294,0.1435255468896969
1323,0.1322911872637686,0.14601086138650482
1324,0.1355322341864599,0.1909129245829313
1325,0.139280576903716,0.19215893195573447
1326,0.14485347565249,0.19019751847114433
1327,0.1456267195164986,0.13638600864535047
1328,0.145895239743436,0.14988779842998
1329,0.1408550990115742,0.14554751202145572
1330,0.1509371554440107,0.15573733671633702
1331,0.1465726936433413,0.212865468490432
1332,0.1359009738141444,0.14105557977922137
1333,0.1362609428075974,0.19845215202319907
1334,0.1396029901190151,0.1991994781310117
1335,0.1428309739466125,0.1863690583367175
1336,0.1459043988337722,0.18545891785014829
1337,0.1544618846727771,0.18759153151623398
1338,0.1525745350915568,0.1825090884467519
1339,0.1605298721594057,0.17246417763880975
1340,0.1522869109045371,0.1683995867579907
1341,0.1540047027966746,0.17538295610499915
1342,0.1560232395014384,0.17859387957056325
1343,0.1678696600785923,0.18276790718549338
1344,0.1723196404573193,0.14078933917392267
1345,0.1779887687067322,0.13684528937333396
1346,0.1819252501032044,0.13459043005661767
1347,0.1971866625907691,0.13661823397380016
1348,0.2009502952341541,0.18040955370512518
1349,0.1987506491388332,0.1780955246906157
1350,0.1917092182138967,0.18391814211685256
1351,0.1874248518950894,0.20360321244867202
1352,0.1832470254447414,0.20459356885443947
1353,0.1824406204423808,0.13550780223407133
1354,0.1790821567508089,0.13542250547244059
1355,0.1785329294784476,0.13592878605380457
1356,0.1735546805729404,0.13953244720082617
1357,0.168177775730227,0.14212911394961614
1358,0.1764598656937475,0.15691636169210255
1359,0.1764716685665281,0.18566578843979858
1360,0.1732284272257693,0.14984736648670963
1361,0.166073261484396,0.16101556719777382
1362,0.1560080864440002,0.15679920606630834
1363,0.1590610708567816,0.15167564583306545
1364,0.1566174990059656,0.13978393497432334
1365,0.1620886372557762,0.14145171909337018
1366,0.1534911109289042,0.149663582116259
1367,0.1549639614908883,0.18640480038940146
1368,0.1558092350754037,0.18292619718919556
1369,0.1505424968725232,0.1584210930257561
1370,0.1530152565360253,0.1858887891021609
1371,0.150051744352517,0.1759652709175707
1372,0.1505596152966533,0.18092355618032202
1373,0.1484987839262092,0.163045857081227
1374,0.1443349427419535,0.15586213295116888
1375,0.1397346989700488,0.16427937627237008
1376,0.1348429795556184,0.15825073712348212
1377,0.1332087839740689,0.16120332512811517
1378,0.1321022031477598,0.15833285626644147
1379,0.1416361744923617,0.17824520586476295
1380,0.1426622066319617,0.15987940459913816
1381,0.1455295664833149,0.15940390746504143
1382,0.1384849731683296,0.1583718501964009
1383,0.1418985330776028,0.15354359066212103
1384,0.1397343696628777,0.1572660266588303
1385,0.1465094409437338,0.1340523201154889
1386,0.1468072225533918,0.21721073806452162
1387,0.1452160860382093,0.21773486476257814
1388,0.1529299011286001,0.16463482113181224
1389,0.1519706662389283,0.14329817017089527
1390,0.1523378823562328,0.1458653755373833
1391,0.1459156166251298,0.13295859420304207
1392,0.1386342209903107,0.13984120450950757
1393,0.1414864717931835,0.1419822076711162
1394,0.1425856490567046,0.14143759988795424
1395,0.1486786585435872,0.14400122131379628
1396,0.1554150397769588,0.13786708456620905
1397,0.1413400331896207,0.14460265368740988
1398,0.1499421206909476,0.14890748238681292
1399,0.1502907977751751,0.15512312248154128
1400,0.1461047139165497,0.1555406242082373
1401,0.1421403248331621,0.1436937343741035
1402,0.1445043993700497,0.14644247065666627
1403,0.1520999092172506,0.18566503996689468
1404,0.1514409091677046,0.1837333911310377
1405,0.1460134074964952,0.15263256931737262
1406,0.1523029278230173,0.17267633872700028
1407,0.1475586606584774,0.1672558093736476
1408,0.1540826967212511,0.24810525889015544
1409,0.1483820082987007,0.16568418715580718
1410,0.1451992150321228,0.17148989674066475
1411,0.146804766739241,0.1659387457839478
1412,0.1487629057050896,0.1767913305117763
1413,0.1498322533903229,0.17019643716815414
1414,0.1415854732936806,0.14530210777066566
1415,0.1399620940794285,0.16138668581656793
1416,0.1431658907071403,0.15796512861922873
1417,0.1417003943721548,0.1419082140346312
1418,0.1388686642636564,0.15226918384373533
1419,0.1343829752432972,0.1541929279172288
1420,0.1373779719811768,0.14608577769619177
1421,0.142247310147731,0.1564317823579341
1422,0.1318151339277083,0.19750538710725693
1423,0.1378599291861742,0.18218900048761
1424,0.1414632700400937,0.17749583366525018
1425,0.1470832376759928,0.16352065885181025
1426,0.1438921753424527,0.14113510802645698
1427,0.1537479570139084,0.14587340462127524
1428,0.152647189596244,0.14495602316568268
1429,0.1493465668982658,0.13798476915468172
1430,0.1458513313271211,0.1405555823355388
1431,0.1517383644223369,0.14633261507110615
1432,0.1603017948359247,0.1445594991469901
1433,0.1574083257315663,0.14207078399483275
1434,0.1512912128821786,0.13425295913765278
1435,0.1529128217781355,0.12656559848798274
1436,0.1507910674469466,0.13156029679178896
1437,0.1465697621798989,0.13155983293008242
1438,0.1433543192932655,0.1409338463144892
1439,0.1423023704176229,0.13785494431082795
1440,0.1597730969944529,0.13398356289826605
1441,0.162171564918974,0.13847373808306365
1442,0.1512078006934086,0.1323903358557115
1443,0.1493472587470819,0.13413163498352806
1444,0.1486722260044349,0.1875376437391435
1445,0.1501588363353529,0.18708857587788089
1446,0.1416091121368482,0.18179387984917278
1447,0.1371843735871868,0.15425999993903264
1448,0.1318431081840984,0.16077657229109238
1449,0.1401234913365296,0.14155121068516055
1450,0.1483161882067044,0.16553181863534838
1451,0.1379618539464415,0.1809343361310966
1452,0.1371932679702141,0.17558901819974979
1453,0.1339017110614936,0.16179694203319536
1454,0.1352176705643462,0.16468132782808853
1455,0.1433933197318171,0.16326110543302563
1456,0.1316654114787931,0.16029464473627844
1457,0.1324322798738135,0.16411853814100388
1458,0.1399911583013109,0.16055217110812162
1459,0.139692750521953,0.14514191283503536
1460,0.142963045277984,0.14543376753128345
1461,0.1419117692946339,0.1567877938373476
1462,0.1492125954880915,0.15262460972433617
1463,0.141913968733285,0.14295727089706514
1464,0.1481981789089897,0.14819971247727487
1465,0.147932715648765,0.16597973459320436
1466,0.1673368547199383,0.17865376128975213
1467,0.16132035149596,0.15370792210521766
1468,0.1600610546471498,0.15162437072248716
1469,0.1548446538881928,0.13988254573251885
1470,0.1460359861246291,0.15314721908380377
1471,0.1531542580588592,0.16039326837333548
1472,0.1521867679255972,0.15039252454517546
1473,0.1523088079329499,0.1504853234982604
1474,0.1497945494720474,0.1665115867562673
1475,0.1543002171155178,0.15082457173239897
1476,0.1498563120139786,0.14692652975456208
1477,0.1541328123676516,0.13794502026314506
1478,0.1592958611704169,0.1395213172866787
1479,0.1597895942648417,0.13686896856267142
1480,0.1632186145156003,0.14069603466733205
1481,0.165445880990236,0.1573352019809969
1482,0.165596728120731,0.14091165423949392
1483,0.1579886626386705,0.14379723578788106
1484,0.1582509451118814,0.1372983296784685
1485,0.1452169209490884,0.15889471638336283
1486,0.1628384890422809,0.16648043773929494
1487,0.1583949284085863,0.16005388036858612
1488,0.1601008487323118,0.13700726957767878
1489,0.1589953068524963,0.1578995191270404
1490,0.1582606201267091,0.154837678807514
1491,0.167438345527125,0.17921471732548674
1492,0.1654498651697382,0.18204693882952727
1493,0.1586952413642227,0.18921804848056803
1494,0.1675620874658363,0.176250731095186
1495,0.1572283282697421,0.18202915883636664
1496,0.1498896018752511,0.18009063870615094
1497,0.152860256227602,0.17542092399800047
1498,0.1497269470864302,0.18192886782829695
